title,url,thumbnail_url,channel,description
ONE PIECE | Official Trailer | Netflix,https://www.youtube.com/watch?v=Ades3pQbeh8,https://i.ytimg.com/vi/Ades3pQbeh8/hqdefault.jpg?sqp=-oaymwEcCPYBEIoBSFXyq4qpAw4IARUAAIhCGAFwAcABBg==&rs=AOn4CLBis34rQXs9HfwJcq4FYPD-x9ykug,Netflix,Free Yourselves. Take to the Seas. The Journey to find the ONE PIECE begins August 31. Only on Netflix. SUBSCRIBE: http://bit.ly/29qBUt7 About Netflix: Netflix is one of the world's leading...
"The Drake & Central Cee ""On The Radar"" Freestyle",https://www.youtube.com/watch?v=cfX1QlfxTBI,https://i.ytimg.com/vi/cfX1QlfxTBI/hqdefault.jpg?sqp=-oaymwEcCPYBEIoBSFXyq4qpAw4IARUAAIhCGAFwAcABBg==&rs=AOn4CLBZ_IDOmRHPbYPdRFnFhoHB32V69Q,On The Radar Radio,PROD BY Kid Masterpiece & Harley Arsenault Subscribe To The On The Radar Clips Channel: https://youtube.com/channel/UCgmDl5fDogvE_PKNrYkfd6w Follow Gabe on IG: https://www.instagram.com/gabepnyc/...
HIGHLIGHTS from Lionel Messi‚Äôs Inter Miami debut vs. Cruz Azul | ESPN FC,https://www.youtube.com/watch?v=7GqFWaC6C68,,ESPN FC,"Watch Lionel Messi make his debut for Inter Miami, as he enters the Leagues Cup match vs. Cruz Azul in the 54th minute. Messi would score the game-winner goal in stoppage time to give the home..."
"GEAR5 (fifth) ""This is my PEAK!"" -ANIME DATE REVEALED TEASER REEL",https://www.youtube.com/watch?v=fC5MKJDW6sc,,ONE PIECEÂÖ¨ÂºèYouTube„ÉÅ„É£„É≥„Éç„É´,"In Japan...6th Aug. !! Luffy will get to his ""PEAK"" in ANIME chap.1071. Epic MANGA ONE PIECE's chap.1044 is going to be finally delivered as ANIME!! chap. 1071„ÄåLuffy‚Äôs Peak ‚Äì Attained!..."
6ix9ine - Shaka Laka (feat. Kodak Black & Yailin la Mas Viral) (Official Visualizer),https://www.youtube.com/watch?v=gcqNLaQlcwQ,,Tekashi 6ix9ine,STREAM / DOWNLOAD Shaka Laka (feat. Kodak Black & Yailin la Mas Viral): https://shakalaka.lnk.to/OEUQY4
"Rylo Rodriguez - ""Equal Dirt"" (Official Music Video)",https://www.youtube.com/watch?v=1WliIzP4R2s,,Rylo Rodriguez,"Rylo Rodriguez - ""Equal Dirt"" - Official Music Video Listen To 'Been One' Album: https://rylorodriguez.lnk.to/equaldirt Follow Rylo Rodriguez on IG: https://www.instagram.com/rylorodriguez..."
I Survived 100 Days as a SCULK DRAGON in Minecraft,https://www.youtube.com/watch?v=Hy_x1PTvvVQ,,Ryguyrocky,Want to be in a future video? Join my Discord! ‚ñ∫https://discord.com/invite/nZpvfe49Vk ‚ñ∫Episode - I Survived 100 Days as a SCULK DRAGON in Minecraft ‚Ä¢üî∑‚Ä¢üî∑‚Ä¢üî∑‚Ä¢üî∑‚Ä¢üî∑‚Ä¢...
I spent a day with KRIS TYSON,https://www.youtube.com/watch?v=c9_20kflptY,,AnthonyPadilla,‚≠êÔ∏è Become a member and watch this series UNCENSORED & AD FREE: https://www.youtube.com/anthonypadilla/join. I spent a day with Kris Tyson to learn her truth.‚ñ∏This episode is sponsored...
MAX REACTS: Mortal Kombat 1 Roster Reveal & Umgadi Trailer,https://www.youtube.com/watch?v=ZUA3YhyxQbU,,Maximilian Dood,"#mk1 #mortalkombat #reaction Max reacts to the latest trailers from Mortal Kombat 1, showcasing some returning characters like Baraka and Tanya, as well as the DLC characters that include..."
"Travis Scott, Bad Bunny, The Weeknd - K-POP (Official Music Video)",https://www.youtube.com/watch?v=_kS7F4VpJa0,,Travis Scott,"Travis Scott, Bad Bunny & The Weeknd - K-POP (Official Music Video) ""K-POP"" available at: https://TravisScott.lnk.to/K-POP Directed by Travis Scott Travis Scott online: https://shop.travisscott...."
